{"crop_mass": {"Lettuce": {"normal_cycles": 3.2776875, "total_crop_normal": 420.7564518765578, "cycles": 7.249055329942136, "crop_yield": 418.30255758494434, "b_param": {"nr_water_bottles": 47.23568972137862, "bottles_percent_open": 0.5721202512826119, "wall_thickness": 0.1266328655795949, "gh_length": 9.355707609379863, "gh_width": 8.24126739061733, "gh_height": 1.6032225220220113, "gh_roof_height": 0.3109936388277785}}, "Tomato": {"normal_cycles": 1.2002532679738562, "total_crop_normal": 201.9004111247868, "cycles": 2.4359696656903584, "crop_yield": 192.39709469533378, "b_param": {"nr_water_bottles": 38.914172259054226, "bottles_percent_open": 0.7556916320348573, "wall_thickness": 0.1343109751507497, "gh_length": 9.018104274462827, "gh_width": 7.700677569516615, "gh_height": 1.5805360511199116, "gh_roof_height": 0.3487884223405383}}, "Potato": {"normal_cycles": 1.5341283783783783, "total_crop_normal": 203.0236730048892, "cycles": 2.5813622298134304, "crop_yield": 206.79326483597137, "b_param": {"nr_water_bottles": 22.286375709511827, "bottles_percent_open": 0.9673468442467892, "wall_thickness": 0.13814058648898184, "gh_length": 7.289667194421866, "gh_width": 7.626754566496668, "gh_height": 1.8057024112477489, "gh_roof_height": 0.41093545038052726}}, "Maize": {"normal_cycles": 1.1388353658536585, "total_crop_normal": 193.80314877358967, "cycles": 2.7159856835869185, "crop_yield": 199.0043799661469, "b_param": {"nr_water_bottles": 9.409932078614148, "bottles_percent_open": 0.8877882546841017, "wall_thickness": 0.12963683284553798, "gh_length": 9.449344281240943, "gh_width": 7.566784774246591, "gh_height": 1.5913275335396533, "gh_roof_height": 0.38360425496570444}}}}