{"crop_mass": {"Lettuce": {"normal_cycles": 3.2776875, "total_crop_normal": 420.7564518765578, "cycles": 7.249055329942136, "crop_yield": 418.30255758494434, "b_param": {"nr_water_bottles": 47.23568972137862, "bottles_percent_open": 0.5721202512826119, "wall_thickness": 0.1266328655795949, "gh_length": 9.355707609379863, "gh_width": 8.24126739061733, "gh_height": 1.6032225220220113, "gh_roof_height": 0.3109936388277785}}, "Tomato": {"normal_cycles": 1.2002532679738562, "total_crop_normal": 201.9004111247868, "cycles": 2.4359696656903584, "crop_yield": 192.39709469533378, "b_param": {"nr_water_bottles": 38.914172259054226, "bottles_percent_open": 0.7556916320348573, "wall_thickness": 0.1343109751507497, "gh_length": 9.018104274462827, "gh_width": 7.700677569516615, "gh_height": 1.5805360511199116, "gh_roof_height": 0.3487884223405383}}, "Potato": {"normal_cycles": 1.5341283783783783, "total_crop_normal": 203.0236730048892, "cycles": 2.5813622298134304, "crop_yield": 206.79326483597137, "b_param": {"nr_water_bottles": 22.286375709511827, "bottles_percent_open": 0.9673468442467892, "wall_thickness": 0.13814058648898184, "gh_length": 7.289667194421866, "gh_width": 7.626754566496668, "gh_height": 1.8057024112477489, "gh_roof_height": 0.41093545038052726}}, "Maize": {"normal_cycles": 1.1388353658536585, "total_crop_normal": 193.80314877358967, "cycles": 2.7159856835869185, "crop_yield": 199.0043799661469, "b_param": {"nr_water_bottles": 9.409932078614148, "bottles_percent_open": 0.8877882546841017, "wall_thickness": 0.12963683284553798, "gh_length": 9.449344281240943, "gh_width": 7.566784774246591, "gh_height": 1.5913275335396533, "gh_roof_height": 0.38360425496570444}}, "Cassava": {"normal_cycles": 0.17543209876543206, "total_crop_normal": 56.8245791102688, "cycles": 0.6956284744239672, "crop_yield": 68.66874883566388, "b_param": {"nr_water_bottles": 12.218216927707731, "bottles_percent_open": 0.09726996925966769, "wall_thickness": 0.1921508147250981, "gh_length": 6.917724339711105, "gh_width": 4.900176017547082, "gh_height": 1.559790865878778, "gh_roof_height": 0.4218849481564403}}, "Carrot": {"normal_cycles": 1.5474761904761904, "total_crop_normal": 177.39905826309, "cycles": 2.7394507038650797, "crop_yield": 170.77945296588987, "b_param": {"nr_water_bottles": 27.489364314776832, "bottles_percent_open": 0.3044192455627741, "wall_thickness": 0.15349964372570496, "gh_length": 5.041948555152549, "gh_width": 7.837674733506755, "gh_height": 1.527614107409288, "gh_roof_height": 0.2640946728497688}}, "Greenbean": {"normal_cycles": 2.1384010416666666, "total_crop_normal": 893.6204599846784, "cycles": 4.019151290942695, "crop_yield": 854.8154777333767, "b_param": {"nr_water_bottles": 36.21480503691277, "bottles_percent_open": 0.725895744634284, "wall_thickness": 0.1833371407032171, "gh_length": 9.935172681369512, "gh_width": 7.895491584935125, "gh_height": 1.5407753062667742, "gh_roof_height": 0.4236230438699925}}, "Chard": {"normal_cycles": 3.806490740740741, "total_crop_normal": 420.83745676826766, "cycles": 7.0, "crop_yield": 384.0222020412969, "b_param": {"nr_water_bottles": 2.7222467926815277, "bottles_percent_open": 0.8485660745564159, "wall_thickness": 0.12496477506530393, "gh_length": 9.876032409134309, "gh_width": 3.1687170523424264, "gh_height": 1.7458262447113937, "gh_roof_height": 0.4000177976346116}}, "Parsley": {"normal_cycles": 3.4152625, "total_crop_normal": 438.17141980817144, "cycles": 6.062873933878078, "crop_yield": 382.6453669033693, "b_param": {"nr_water_bottles": 49.146868731284044, "bottles_percent_open": 0.010889494229137653, "wall_thickness": 0.22050450183085146, "gh_length": 4.790271984194224, "gh_width": 8.95302948152395, "gh_height": 1.5139616687571962, "gh_roof_height": 0.39442848518241497}}, "Wheat": {"normal_cycles": 2.411204980842912, "total_crop_normal": 1363.5784399179054, "cycles": 3.7866055817746966, "crop_yield": 1336.0996278920197, "b_param": {"nr_water_bottles": 10.203751979922194, "bottles_percent_open": 0.6336225651958848, "wall_thickness": 0.19138815643211143, "gh_length": 8.67600114332651, "gh_width": 5.303573803620441, "gh_height": 1.5140870827718675, "gh_roof_height": 0.4344856147469744}}, "Barley": {"normal_cycles": 2.6217375, "total_crop_normal": 1204.1498675132823, "cycles": 4.278299167308169, "crop_yield": 1021.0671456489929, "b_param": {"nr_water_bottles": 35.12012635118062, "bottles_percent_open": 0.13371317254905613, "wall_thickness": 0.13875140642840153, "gh_length": 3.9566922830781226, "gh_width": 7.283941057913642, "gh_height": 1.5311754992968791, "gh_roof_height": 0.48245988539233775}}, "Beans": {"normal_cycles": 1.7012962962962965, "total_crop_normal": 844.2890850382494, "cycles": 3.2787708822136894, "crop_yield": 835.2003026386576, "b_param": {"nr_water_bottles": 3.078194510279687, "bottles_percent_open": 0.09887778744252218, "wall_thickness": 0.16762984814326234, "gh_length": 5.282049692048563, "gh_width": 7.483097679134045, "gh_height": 1.5408310059003443, "gh_roof_height": 0.27529873407588373}}, "Peas": {"normal_cycles": 2.2914166666666667, "total_crop_normal": 1237.3770747622862, "cycles": 3.923870666683001, "crop_yield": 1084.649458713734, "b_param": {"nr_water_bottles": 34.82657516508853, "bottles_percent_open": 0.9977564515565313, "wall_thickness": 0.16861729919171312, "gh_length": 8.600099270784037, "gh_width": 4.556860751528625, "gh_height": 1.589591523269207, "gh_roof_height": 0.24073651541978025}}, "Squash": {"normal_cycles": 0.9367116666666668, "total_crop_normal": 246.0992365378916, "cycles": 2.7987795347487836, "crop_yield": 234.82233736956437, "b_param": {"nr_water_bottles": 15.925596470534439, "bottles_percent_open": 0.465715935155585, "wall_thickness": 0.1246874498285429, "gh_length": 3.9900522668773224, "gh_width": 5.45707121250939, "gh_height": 1.5, "gh_roof_height": 0.5}}, "Quinoa": {"normal_cycles": 2.048967803030303, "total_crop_normal": 732.0767632197304, "cycles": 3.470546011119303, "crop_yield": 658.223732827234, "b_param": {"nr_water_bottles": 16.814960386718496, "bottles_percent_open": 0.6208902993849097, "wall_thickness": 0.1326739635095518, "gh_length": 3.7962804748137158, "gh_width": 6.276593170589253, "gh_height": 1.510624067015251, "gh_roof_height": 0.22619824052707055}}}, "cycle": {"Lettuce": {"normal_cycles": 3.2776875, "total_crop_normal": 420.7564518765578, "cycles": 6.953698715516935, "crop_yield": 417.63811698856216, "b_param": {"nr_water_bottles": 12.089455778647446, "bottles_percent_open": 0.5327565574308525, "wall_thickness": 0.12857565026856138, "gh_length": 3.6258487598918663, "gh_width": 3.4573370777785613, "gh_height": 1.5710182835884372, "gh_roof_height": 0.15850629229060298}}, "Tomato": {"normal_cycles": 1.2002532679738562, "total_crop_normal": 201.9004111247868, "cycles": 2.3639763095421173, "crop_yield": 194.02866047836446, "b_param": {"nr_water_bottles": 1.3755251641819441, "bottles_percent_open": 0.30674041516944134, "wall_thickness": 0.14650977157329395, "gh_length": 4.318495823220124, "gh_width": 6.014085543708971, "gh_height": 1.5500930372343045, "gh_roof_height": 0.27607363517263667}}, "Potato": {"normal_cycles": 1.5341283783783783, "total_crop_normal": 203.0236730048892, "cycles": 2.7793666169618354, "crop_yield": 198.41181329684207, "b_param": {"nr_water_bottles": 46.14840238460924, "bottles_percent_open": 0.5330465987583426, "wall_thickness": 0.1572997468359387, "gh_length": 4.727284054520803, "gh_width": 8.656349761897967, "gh_height": 1.5217521067219462, "gh_roof_height": 0.4059555032455531}}, "Maize": {"normal_cycles": 1.1388353658536585, "total_crop_normal": 193.80314877358967, "cycles": 3.0, "crop_yield": 191.13449782909933, "b_param": {"nr_water_bottles": 5.753894655252932, "bottles_percent_open": 0.42227539463595454, "wall_thickness": 0.13678652411212402, "gh_length": 3.4868795513900723, "gh_width": 4.923537138271455, "gh_height": 1.5, "gh_roof_height": 0.5}}, "Cassava": {"normal_cycles": 0.17543209876543206,