{
    "cycle": {
        "Lettuce": {
            "normal_cycles": 14.149609375,
            "total_crop_normal": 2100.4636726922313,
            "cycles": 33.46598266105353,
            "crop_yield": 2144.089912746614,
            "b_param": {
                "nr_water_bottles": 18.677349838813278,
                "bottles_percent_open": 0.6943534308445034,
                "wall_thickness": 0.16441443312414367,
                "gh_length": 6.833747229415167,
                "gh_width": 4.283096357593516,
                "gh_height": 1.5765283722022025,
                "gh_roof_height": 0.42951628730750724
            }
        },
        "Tomato": {
            "normal_cycles": 5.300892156862745,
            "total_crop_normal": 1007.0793688547293,
            "cycles": 18.843608406460184,
            "crop_yield": 635.4920308748858,
            "b_param": {
                "nr_water_bottles": 42.58935889316778,
                "bottles_percent_open": 0.9631937111140113,
                "wall_thickness": 0.13595066554240406,
                "gh_length": 3.385572025186075,
                "gh_width": 3.0,
                "gh_height": 1.5,
                "gh_roof_height": 0.5
            }
        },
        "Potato": {
            "normal_cycles": 6.959072635135135,
            "total_crop_normal": 1013.9329241117049,
            "cycles": 15.775048851310064,
            "crop_yield": 1049.3829247048889,
            "b_param": {
                "nr_water_bottles": 17.014990780494198,
                "bottles_percent_open": 0.24149812032346285,
                "wall_thickness": 0.31053754816592805,
                "gh_length": 5.038290463818036,
                "gh_width": 3.6376933105975815,
                "gh_height": 1.5410117014653835,
                "gh_roof_height": 0.3915418205153735
            }
        },
        "Maize": {
            "normal_cycles": 4.833221544715446,
            "total_crop_normal": 964.4558584519043,
            "cycles": 23.119642000169236,
            "crop_yield": 734.7110885220186,
            "b_param": {
                "nr_water_bottles": 47.455403692960836,
                "bottles_percent_open": 0.6221483372038646,
                "wall_thickness": 0.13217762493985658,
                "gh_length": 3.0,
                "gh_width": 3.000080542935435,
                "gh_height": 1.5,
                "gh_roof_height": 0.5
            }
        },
        "Cassava": {
            "normal_cycles": 0.6140162037037035,
            "total_crop_normal": 241.92223637574406,
            "cycles": 4.122257051887751,
            "crop_yield": 361.3259546593966,
            "b_param": {
                "nr_water_bottles": 40.497259137307715,
                "bottles_percent_open": 0.38370528646462265,
                "wall_thickness": 0.3654902008020534,
                "gh_length": 3.581775782716816,
                "gh_width": 3.8828991173815335,
                "gh_height": 1.567350203664968,
                "gh_roof_height": 0.3186315021180396
            }
        },
        "Carrot": {
            "normal_cycles": 7.004442176870748,
            "total_crop_normal": 885.9729479158796,
            "cycles": 12.96807858029876,
            "crop_yield": 883.8911151861918,
            "b_param": {
                "nr_water_bottles": 38.9787144816739,
                "bottles_percent_open": 0.7541601139109365,
                "wall_thickness": 0.2122320875419163,
                "gh_length": 5.727404282032351,
                "gh_width": 7.751592127041084,
                "gh_height": 1.5243891573361856,
                "gh_roof_height": 0.45504638170734035
            }
        },
        "Greenbean": {
            "normal_cycles": 9.5744296875,
            "total_crop_normal": 4461.993971654538,
            "cycles": 23.625481515491714,
            "crop_yield": 4304.63790233218,
            "b_param": {
                "nr_water_bottles": 37.42575520562276,
                "bottles_percent_open": 0.1310724423260506,
                "wall_thickness": 0.3628935075205404,
                "gh_length": 3.0549886144913456,
                "gh_width": 4.587481783214574,
                "gh_height": 1.6138677012236153,
                "gh_roof_height": 0.4524835584080752
            }
        },
        "Chard": {
            "normal_cycles": 17.01098148148148,
            "total_crop_normal": 2100.8866634819606,
            "cycles": 43.45780932057131,
            "crop_yield": 1695.8007931804736,
            "b_param": {
                "nr_water_bottles": 12.279172610850203,
                "bottles_percent_open": 0.8913540733371803,
                "wall_thickness": 0.36362716606758505,
                "gh_length": 3.293447680767027,
                "gh_width": 4.169001356258962,
                "gh_height": 1.5938089178084696,
                "gh_roof_height": 0.46707126726734594
            }
        },
        "Parsley": {
            "normal_cycles": 15.3058875,
            "total_crop_normal": 2187.409496471907,
            "cycles": 48.0,
            "crop_yield": 998.3380076749073,
            "b_param": {
                "nr_water_bottles": 12.586830109891148,
                "bottles_percent_open": 0.46591506942752386,
                "wall_thickness": 0.1268437657540464,
                "gh_length": 3.0330910373882056,
                "gh_width": 3.6608978334448903,
                "gh_height": 1.5,
                "gh_roof_height": 0.5
            }
        },
        "Wheat": {
            "normal_cycles": 11.229486590038315,
            "total_crop_normal": 6811.430313492388,
            "cycles": 20.0,
            "crop_yield": 7208.158679887912,
            "b_param": {
                "nr_water_bottles": 9.273197062285506,
                "bottles_percent_open": 0.7476517998481034,
                "wall_thickness": 0.2602527651827045,
                "gh_length": 3.6543466555003303,
                "gh_width": 4.552492173157461,
                "gh_height": 1.5488220516487732,
                "gh_roof_height": 0.24792324969570909
            }
        },
        "Barley": {
            "normal_cycles": 12.199864583333333,
            "total_crop_normal": 6014.39230886928,
            "cycles": 23.048759360417073,
            "crop_yield": 5095.665739117167,
            "b_param": {
                "nr_water_bottles": 25.08101857789042,
                "bottles_percent_open": 0.5421155314688098,
                "wall_thickness": 0.48148526274670694,
                "gh_length": 4.805655899579466,
                "gh_width": 4.232696488759544,
                "gh_height": 1.5324237471690203,
                "gh_roof_height": 0.4608663036163939
            }
        },
        "Beans": {
            "normal_cycles": 7.511881944444444,
            "total_crop_normal": 4211.909781487832,
            "cycles": 24.981398741772132,
            "crop_yield": 3159.7569071091584,
            "b_param": {
                "nr_water_bottles": 29.20408137459209,
                "bottles_percent_open": 0.6191570015853695,
                "wall_thickness": 0.13119640955568404,
                "gh_length": 3.5123981882441684,
                "gh_width": 3.794748800739721,
                "gh_height": 1.5,
                "gh_roof_height": 0.5
            }
        },
        "Peas": {
            "normal_cycles": 10.395075757575757,
            "total_crop_normal": 6180.752183038355,
            "cycles": 25.91527072752327,
            "crop_yield": 3701.1517996157604,
            "b_param": {
                "nr_water_bottles": 18.28219278841436,
                "bottles_percent_open": 0.8616760945281557,
                "wall_thickness": 0.15991844305663824,
                "gh_length": 3.171357100235524,
                "gh_width": 7.115280212513598,
                "gh_height": 1.5,
                "gh_roof_height": 0.5
            }
        },
        "Squash": {
            "normal_cycles": 3.9638533333333332,