{
    "Wheat": {
        "Tsum": 2175.0,
        "HI": 0.35,
        "I50A": 380.0,
        "I50B": 125.0,
        "Tbase": 0,
        "Topt": 15,
        "RUE": 1.24,
        "I50maxH": 100,
        "I50maxW": 25,
        "Tmax": 34,
        "Text": 45,
        "SCO2": 0.08,
        "Swater": 0.4,
        "crop_mass_init": 0.15
    },
    "Potato": {
        "Tsum": 2466.6666666666665,
        "HI": 0.7250000000000001,
        "I50A": 591.6666666666666,
        "I50B": 416.6666666666667,
        "Tbase": 4,
        "Topt": 22,
        "RUE": 1.3,
        "I50maxH": 50,
        "I50maxW": 30,
        "Tmax": 34,
        "Text": 45,
        "SCO2": 0.1,
        "Swater": 0.4,
        "crop_mass_init": 0.12
    },
    "Tomato": {
        "Tsum": 2550.0,
        "HI": 0.5900000000000001,
        "I50A": 535.0,
        "I50B": 350.0,
        "Tbase": 6,
        "Topt": 26,
        "RUE": 1.0,
        "I50maxH": 100,
        "I50maxW": 5,
        "Tmax": 32,
        "Text": 45,
        "SCO2": 0.07,
        "Swater": 2.5,
        "crop_mass_init": 0.04
        
    },
    "Cassava": {
        "Tsum": 5400.0,
        "HI": 0.65,
        "I50A": 650.0,
        "I50B": 300.0,
        "Tbase": 12,
        "Topt": 28,
        "RUE": 1.1,
        "I50maxH": 100,
        "I50maxW": 15,
        "Tmax": 38,
        "Text": 50,
        "SCO2": 0.07,
        "Swater": 1.0,
        "crop_mass_init": 0.07
    },
    "Carrot": {
        "Tsum": 2450.0,
        "HI": 0.7,
        "I50A": 550.0,
        "I50B": 250.0,
        "Tbase": 4,
        "Topt": 22,
        "RUE": 1.0,
        "I50maxH": 100,
        "I50maxW": 5,
        "Tmax": 32,
        "Text": 45,
        "SCO2": 0.07,
        "Swater": 2.0,
        "crop_mass_init": 0.03
    },
    "Greenbean": {
        "Tsum": 1600.0,
        "HI": 0.45,
        "I50A": 370.0,
        "I50B": 300.0,
        "Tbase": 5,
        "Topt": 27,
        "RUE": 0.86,
        "I50maxH": 100,
        "I50maxW": 10,
        "Tmax": 32,
        "Text": 45,
        "SCO2": 0.07,
        "Swater": 0.4,
        "crop_mass_init": 0.06
    },
    "Maize": {
        "Tsum": 2050.0,
        "HI": 0.5,
        "I50A": 500.0,
        "I50B": 50.0,
        "Tbase": 8,
        "Topt": 28,
        "RUE": 2.1,
        "I50maxH": 100,
        "I50maxW": 12,
        "Tmax": 34,
        "Text": 50,
        "SCO2": 0.01,
        "Swater": 1.2,
        "crop_mass_init": 0.15
    },
    "Lettuce": {
        "Tsum": 800,
        "HI": 0.80,
        "I50A": 500,
        "I50B": 300,
        "Tbase": 7.2,
        "Topt": 18,
        "RUE": 1.5,
        "I50maxH": 100,
        "I50maxW": 25,
        "Tmax": 34,
        "Text": 45,
        "SCO2": 0.07,
        "Swater": 0.6,
        "crop_mass_init": 0.024,
        "NOTE": "THIS IS A ROUGH ESTIMATE ONLY"
    },
    "Chard": {
        "Tsum": 900,
        "HI": 0.75,
        "I50A": 520,
        "I50B": 320,
        "Tbase": 5,
        "Topt": 20,
        "RUE": 1.6,
        "I50maxH": 90,
        "I50maxW": 30,
        "Tmax": 32,
        "Text": 40,
        "SCO2": 0.08,
        "Swater": 0.5,
        "crop_mass_init": 0.16,
        "NOTE": "THIS IS A ROUGH ESTIMATE ONLY"
    },
    "Parsley": {
        "Tsum": 1000,
        "HI": 0.70,
        "I50A": 480,
        "I50B": 310,
        "Tbase": 5,
        "Topt": 22,
        "RUE": 1.4,
        "I50maxH": 95,
        "I50maxW": 20,
        "Tmax": 30,
        "Text": 38,
        "SCO2": 0.06,
        "Swater": 0.55,
        "crop_mass_init": 0.2,
        "NOTE": "THIS IS A ROUGH ESTIMATE ONLY"
    }
}